"","baseMean","log2FoldChange","lfcSE","stat","pvalue","padj"
"mmu-miR-501-3p",152.017438644347,0.704897126577014,0.217545276786046,3.24023181284819,0.00119432561487753,0.44906643119395
"mmu-miR-3061-3p",52.2460167409758,-0.554792525702883,0.228083427139306,-2.4324105116328,0.0149986973086968,0.993748756891911
"mmu-miR-222-5p",41.7298959912207,-0.551754147158823,0.274964038410126,-2.00664112423257,0.0447878891601867,0.993748756891911
